{"Abortion": [-0.27148228883743286, 0.02315792255103588, 2.0283403396606445, 0.5686001777648926, 1.097084403038025, -1.480970859527588, -0.7245507836341858, 1.8458253145217896, -0.8027442693710327, 0.17787350714206696], "Animal Rights": [-1.8679252862930298, -0.5157575011253357, 0.815863847732544, -0.4605931043624878, 1.8738822937011719, 0.1048903539776802, -0.6569615006446838, 1.981419563293457, -0.3497906029224396, 1.1150214672088623], "Barack Obama": [-0.35101866722106934, 1.03214430809021, -0.34086158871650696, -1.8340959548950195, 2.052934169769287, 1.051700234413147, 0.546363353729248, 0.36855658888816833, 0.9132549166679382, -0.0061493986286222935], "Capitalism": [-0.569976806640625, 0.8318471312522888, 1.5627940893173218, 1.015108346939087, 1.4873987436294556, 0.8404334187507629, 0.19449064135551453, -1.4238924980163574, 0.6081213355064392, -0.3664490580558777], "Environmental Protection": [0.9546867609024048, -0.5703110098838806, 1.4640699625015259, 0.8336852788925171, 2.4555954933166504, -0.607313871383667, 0.7116304636001587, 2.1605803966522217, -0.3554295003414154, -0.9516121745109558], "European Union": [-1.2755857706069946, 0.884630560874939, 0.3968309462070465, -2.702173948287964, 2.6929690837860107, 0.9942123889923096, -0.9986483454704285, -0.472255676984787, -0.6395131945610046, 0.6084039211273193], "Euthanasia": [0.11092457920312881, -0.4649351239204407, -0.06076473742723465, -0.7906876802444458, 1.9060719013214111, 0.9169099926948547, -0.20369558036327362, 1.5440090894699097, 0.7287142872810364, 0.8498861789703369], "Federal Reserve": [-1.9139652252197266, -0.012881687842309475, 0.891664981842041, -2.748420238494873, 3.618924856185913, -1.7302241325378418, 0.15189824998378754, -2.865389108657837, 0.540403425693512, 0.043290793895721436], "Free Trade": [-0.5307837724685669, 1.7859554290771484, -0.7941887974739075, -1.6434926986694336, 0.9318002462387085, -1.1826995611190796, -0.13831323385238647, 1.146465539932251, -0.514299213886261, 2.1793367862701416], "Gay Marriage": [0.3013012409210205, 0.15608954429626465, 0.2713334560394287, -0.42932838201522827, 1.5546518564224243, -0.4711419939994812, 1.9534751176834106, 2.939473867416382, -0.4192827045917511, -1.5113897323608398], "Global Warming Exists": [-0.4135758578777313, 0.168319433927536, 1.0169061422348022, -1.301756501197815, 0.6479624509811401, 1.9963629245758057, -1.3802648782730103, 2.8837459087371826, -1.303855299949646, -0.10017489641904831], "Globalization": [-0.7983704805374146, 0.8789915442466736, 0.2229488492012024, -2.0505754947662354, 2.7344517707824707, -0.40034639835357666, 0.13171355426311493, 0.14593930542469025, 1.9669039249420166, 0.40463030338287354], "Labor Union": [0.47924187779426575, -0.0088063795119524, 0.945798397064209, -1.760243535041809, 2.244063138961792, -0.2544485032558441, -0.812699019908905, 1.2073314189910889, 0.948675274848938, 0.08740730583667755], "Legalized Prostitution": [-0.23904381692409515, -0.5052508115768433, -0.46924149990081787, -0.4357905089855194, 2.076090097427368, 1.3152649402618408, 0.5609482526779175, 0.3879843056201935, -1.1852363348007202, 0.6310282349586487], "Medical Marijuana": [-0.6784912943840027, -0.09208724647760391, 2.610567569732666, 0.2939586043357849, 1.000807523727417, -0.9511062502861023, -0.5157528519630432, 1.896180272102356, -0.6962610483169556, -1.1228431463241577], "Military Intervention": [-0.08363264799118042, 2.5654194355010986, -0.31153604388237, -2.9052257537841797, -0.36389198899269104, -0.5545874238014221, 0.07428379356861115, -1.9649523496627808, 0.8159615397453308, 0.22428342700004578], "Minimum Wage": [0.9376826882362366, -1.1437476873397827, 0.4068104326725006, -0.8151904344558716, 2.2312324047088623, -0.32105088233947754, 0.2976156175136566, 1.4465571641921997, -1.535364031791687, -0.3304939568042755], "National Health Care": [0.2890785038471222, -2.3917267322540283, 0.9160881042480469, -1.2431232929229736, 2.9835619926452637, 1.4013630151748657, -1.4209418296813965, 1.3952714204788208, 2.1323251724243164, 0.641777753829956], "Progressive Tax": [0.5430279970169067, -0.6744722723960876, -0.923401951789856, -3.481255531311035, 2.4441919326782227, -1.8742661476135254, -0.7804266810417175, 0.9783362746238708, 0.5674638152122498, 2.1548421382904053], "Redistribution": [0.06141587719321251, -0.11438333988189697, -1.7835619449615479, -4.983760833740234, 4.037640571594238, 2.076402425765991, 1.2912287712097168, -1.565200924873352, 0.045461107045412064, -0.8298543095588684], "Social Programs": [-1.9462724924087524, -1.7257083654403687, 1.7540020942687988, -3.2626123428344727, 1.8324369192123413, 0.35924696922302246, -1.5076420307159424, 0.8180407285690308, -1.4917149543762207, -0.9830626249313354], "Social Security": [3.0334584712982178, 0.9707987308502197, 0.9949471950531006, -1.0174139738082886, 2.785989761352539, 1.3860846757888794, -1.3496713638305664, 1.711071252822876, -0.09898560494184494, -0.04227681830525398], "Stimulus Spending": [-0.39674511551856995, -0.5817055702209473, 0.42281365394592285, -3.153867721557617, 3.7051830291748047, -0.4255101680755615, -2.5678226947784424, -2.1247925758361816, -0.33341023325920105, 2.6197891235351562], "Term Limits": [0.15829426050186157, -0.044220272451639175, 0.918769359588623, -1.7538272142410278, 0.6912777423858643, 0.11510013043880463, -0.06737407296895981, 0.41724836826324463, 0.6837880611419678, -1.0584056377410889], "United Nations": [0.6892583966255188, -0.5627214312553406, 0.2925911843776703, -1.737589955329895, 1.2136797904968262, -0.9425385594367981, -0.8298074007034302, 1.8357146978378296, 0.5144715309143066, 0.89256751537323], "War in Afghanistan": [2.287313222885132, 1.9534292221069336, -0.4284406304359436, -1.6272460222244263, -1.578935980796814, 1.3470133543014526, -1.0388195514678955, -2.121492624282837, -1.6166677474975586, 0.8003478050231934], "War on Terror": [-0.7348964810371399, -2.12369704246521, -0.5013200044631958, -1.4552127122879028, -0.6635647416114807, -1.2272059917449951, 1.4844696521759033, -2.1969830989837646, -0.36117875576019287, -0.37836071848869324], "Welfare": [1.1869235038757324, 0.02016308531165123, 1.1011415719985962, -1.7169312238693237, 2.511568307876587, -1.4316320419311523, -0.18890997767448425, 1.5902810096740723, 0.15306220948696136, -0.6053811311721802], "Flat Tax": [-0.9823468327522278, 0.30876314640045166, 0.6029861569404602, -1.8981273174285889, -0.20845603942871094, 0.8791680335998535, -0.9531289339065552, -1.7855342626571655, 1.488641619682312, 0.3575241267681122], "Gold Standard": [-0.16034287214279175, 1.7028738260269165, -0.3363099992275238, -2.1032116413116455, 1.885556697845459, 0.3768730163574219, -0.12513679265975952, -2.2927708625793457, -0.0950474664568901, 0.890590488910675], "Gun Rights": [-0.8319183588027954, -0.41731446981430054, 0.49822884798049927, -0.16199353337287903, -1.4186674356460571, 0.16020217537879944, 1.2069257497787476, 0.23672030866146088, 0.9717156291007996, -1.1379886865615845], "Internet Censorship": [-0.6744822859764099, 0.05740188807249069, 0.9449487328529358, -0.8723542094230652, 0.9977189302444458, -0.2206616848707199, -0.8747414350509644, -3.952302932739258, -1.8699066638946533, 0.8647712469100952], "Iran-Iraq War": [0.8632440567016602, -0.6766586899757385, 0.6087484359741211, -0.017988838255405426, 0.49093207716941833, -1.1348775625228882, -0.44232693314552307, -3.6481878757476807, 2.298336982727051, 1.335594892501831], "Occupy Movement": [0.876325786113739, 3.2830820083618164, 1.3767004013061523, -3.033512592315674, 3.665194511413574, -1.452261209487915, -1.0450119972229004, -0.9778794646263123, 0.8317863941192627, -0.05522071570158005], "Smoking Ban": [1.112542748451233, -0.29545286297798157, -0.06045366823673248, -0.6621684432029724, 0.5689970254898071, -0.7304147481918335, 0.4228944778442383, 0.23527996242046356, -0.1491921842098236, 0.27744558453559875],